bed_bath_table,health_beauty,sports_leisure,furniture_decor,computers_accessories
3221.579140874414,3375.4419179018064,1239.190440102244,2706.530697867509,2011.8423192333378
45.407071869105806,50.773556894468804,27.357850503643206,43.26869338731891,40.911158141185986
-1.9995650384455192,-1.3032746685597,-1.2861079151210086,-1.8743426273061616,-2.852828349203243
