bed_bath_table,health_beauty,sports_leisure,furniture_decor,computers_accessories
15582.853994499317,20623.153490321878,9232.352243025336,6682.504265726712,12341.831212139052
15804.459457599087,20811.707133920943,9326.42555318719,7350.162370137187,11720.532354050665
15950.145711242882,22585.301730298008,9217.586150640578,7372.811831363782,12058.77986246136
15941.648323695561,20156.17151523747,9326.314186552743,6930.452227799299,13476.961620493807
14915.18021014672,18627.768769740123,9063.625860958986,7532.504840022811,12911.380230187759
14930.36373926067,18805.90872229461,8918.53748799263,7045.755656053917,4199.553192999945
15581.576952132504,21229.943884996606,9207.097088940218,7119.669779284637,14230.903516970884
15329.987980483329,18220.126303054483,9133.323139841323,6914.392697922067,15659.88729272629
15942.749248269796,17401.185577772278,9193.271335119422,7794.932535891223,13904.552341437917
