bed_bath_table,health_beauty,sports_leisure,furniture_decor,computers_accessories
28629225.394393977,47027462.78816774,11809723.590062015,15770335.706955744,35316034.00585062
4316.843126534281,6036.559859665536,2380.4640457013606,3782.9591700342635,5313.083915274199
-1.5569931128159338,-0.1948702115297416,-0.11061152211756275,-0.7142603892975392,-3.6182007597799144
