bed_bath_table,health_beauty,sports_leisure,furniture_decor,computers_accessories
25937222.401618853,49693297.36369473,11422206.623165777,11158699.1901281,9713249.014642311
3907.277634548612,6062.283411458334,2335.5972526041664,3024.358226996528,2335.929982638889
-1.3165593247067466,-0.26260353445025175,-0.0741686024193251,-0.21296821914108244,-0.2701803937531968
