bed_bath_table,health_beauty,sports_leisure,furniture_decor,computers_accessories
1224.8113146327057,2956.3346276478655,573.3690283895428,970.0196499312755,575.9754247265488
28.97466157612048,48.32516961348684,18.215940375077096,26.549000388697575,19.392941926655016
-0.19940128410409597,-1.0494776635010439,-0.1056838027832232,0.06878691423027472,-0.08339392214693508
