bed_bath_table,health_beauty,sports_leisure,furniture_decor,computers_accessories
17815119.994614616,46364652.45585687,11041028.227314884,10292000.018206278,9960990.805798534
3359.387118055556,5858.251293402778,2481.696970486111,2697.117721354167,2438.593285590278
-0.5911411679038647,-0.17802957682359621,-0.03832177542241433,-0.11875665082251796,-0.3025770475778409
