bed_bath_table,health_beauty,sports_leisure,furniture_decor,computers_accessories
11723460.901925283,60201485.89001232,42378451.296278745,9932212.813887097,32264270.917293288
2939.9280744485295,6539.597987132353,5815.09376148897,2781.22782054228,5101.455206801471
-0.05363830263997005,-0.8691862739114429,-3.163227834731739,-0.13912647811914214,-1.0236805637625417
