bed_bath_table,health_beauty,sports_leisure,furniture_decor,computers_accessories
15096119.200124,61890739.247972995,11789562.295769714,21147011.47258894,8844977.401704907
3062.7866479200175,6199.46534774725,2898.5820616582328,4197.853590683133,2302.8352501527042
-0.3482960957974095,-0.5725152137181424,-0.10871551112534328,-1.2987135336307767,-0.15663840820922093
