bed_bath_table,health_beauty,sports_leisure,furniture_decor,computers_accessories
12641.380652539276,17235.76823478074,10489.564904029512,6267.071648715212,9828.563516180944
13431.832291847422,17358.675721007046,11856.950498171509,5763.159067158715,9129.410906730416
14341.924793777267,20050.899043503683,11610.375664600078,9330.934548489904,9417.228111355767
13897.600459833702,16601.78767951753,10551.93323090694,5925.941160902625,8897.216511867744
8819.457401336309,14312.03511915927,7962.039452087166,4433.939940787825,7355.321536807307
13813.716191722677,16444.205548969185,12050.196067830791,9329.305080134804,9293.736691002128
11848.92052757557,19855.273343503683,11919.541726746644,7870.984306546667,9129.410906730416
12173.946942485954,17874.629004606697,12416.181890744641,9448.942454986953,10519.212252159039
13323.652696403,16290.165826190147,10738.687805470428,9034.761426891087,9417.228111355767
