bed_bath_table,health_beauty,sports_leisure,furniture_decor,computers_accessories
15124495.719192378,65001122.356717154,17806088.13318448,13774130.362625048,18163715.021877754
2961.0408776168383,6527.514216055123,3607.6201145620016,2877.7069262623377,3057.407283077572
-0.35930405971143764,-1.0182094162923505,-0.7492569802868083,-0.5797563849208689,-0.13926507590146975
